{
  "best_metric": null,
  "best_model_checkpoint": null,
  "epoch": 2.999756671262876,
  "eval_steps": 500,
  "global_step": 18492,
  "is_hyper_param_search": false,
  "is_local_process_zero": true,
  "is_world_process_zero": true,
  "log_history": [
    {
      "epoch": 0.9733149484954173,
      "grad_norm": 15.375,
      "learning_rate": 6.755353666450358e-05,
      "loss": 154.6451,
      "step": 6000
    },
    {
      "epoch": 1.9466298969908347,
      "grad_norm": 11.9375,
      "learning_rate": 3.510707332900714e-05,
      "loss": 83.7085,
      "step": 12000
    },
    {
      "epoch": 2.9199448454862518,
      "grad_norm": 27.75,
      "learning_rate": 2.6606099935107072e-06,
      "loss": 91.1141,
      "step": 18000
    },
    {
      "epoch": 2.999756671262876,
      "step": 18492,
      "total_flos": 5.988577285697962e+18,
      "train_loss": 107.33423860233479,
      "train_runtime": 41443.4881,
      "train_samples_per_second": 14.279,
      "train_steps_per_second": 0.446
    }
  ],
  "logging_steps": 6000,
  "max_steps": 18492,
  "num_input_tokens_seen": 0,
  "num_train_epochs": 3,
  "save_steps": 6000,
  "stateful_callbacks": {
    "TrainerControl": {
      "args": {
        "should_epoch_stop": false,
        "should_evaluate": false,
        "should_log": false,
        "should_save": true,
        "should_training_stop": true
      },
      "attributes": {}
    }
  },
  "total_flos": 5.988577285697962e+18,
  "train_batch_size": 1,
  "trial_name": null,
  "trial_params": null
}
